interval,mass_change_per_mile,se
Bottom 10 Percent,-0.298494,0.08305663
First Quartile,-0.1194021,0.0472939
Second Quartile,-0.05163573,0.01866876
Third Quartile,-0.01106753,0.002177654
Fourth Quartile,-0.01076292,0.004427872
Top 10 Percent,-0.006974372,0.00101758
